;tH2_obs;capeinsSOL0;ciwcH20;clwcH20;ffH10;flir1SOL0;fllat1SOL0;flsen1SOL0;flvis1SOL0;hcoulimSOL0;huH2;iwcSOL0;nbSOL0_HMoy;nH20;ntSOL0_HMoy;pMER0;rr1SOL0;rrH20;tH2;tH2_VGrad_2.100;tH2_XGrad;tH2_YGrad;tpwHPA850;ux1H10;vapcSOL0;vx1H10
Random Forest;1.0860011726607766;70.05770307153367;9.273973896832762e-07;3.592482244430513e-05;0.5529778113074719;36067.00998067932;48341.75751121967;38679.80123072613;78088.2739850712;251.29152458028562;4.776127235259283;0.17635697829590827;1.197223792553767;0.08674362752368753;1.9271921152983236;4.89965720258238;0.41565816187304006;0.01616169127062212;0.8661749815177173;0.5286731613693701;0.00113538362297851;0.0010303733495073946;1.024123478118805;1.6659289326905269;1.9747254274922819;1.5866567617929745
10-NN;4.860527207237114;126.2789864565886;9.61533031120418e-07;2.722571281282336e-05;1.3177815109626605;88990.55014661116;111609.92871566903;102420.64588906249;252991.30456517384;347.3620904458723;8.157863302664277;0.34700562522723105;1.779975688695147;0.9341695708697142;2.478139565340556;8.438725709061481;0.5430563307350758;0.022279771943715592;4.948833980326326;1.0763864090818187;0.002049358745057024;0.002155913760389708;4.001679443013181;4.5162352384286795;6.614226652123275;4.435103186317235
Mean;6.268193672281277;147.61701121206474;1.0398696871403502e-06;3.507311368721629e-05;2.09184522090498;133594.45783491025;232703.44431068268;235717.50848385115;690657.728291785;503.4323760864039;15.94307863515051;0.33885097584849505;3.1632763762139215;1.2983070051901822;3.2595534311643095;8.940590530966444;0.6030556897610476;0.024054909577420965;6.577566868916795;1.8791360056024886;0.0022750177040866387;0.0032439593414232094;4.505541451444315;4.964789069997076;7.799238622766678;4.914989962893506
Median;6.259802714614988;144.80394891751135;1.0088610461036823e-06;3.644082968820674e-05;2.1006658399260245;133418.4230517334;231232.38578220597;237307.70761653193;690540.5825902364;501.2863364036657;15.9510976098396;0.3334242430447969;3.150571852798583;1.2733036230189967;3.261231985888983;8.944707135201702;0.5927857458584151;0.02296907487964766;6.598406867565198;1.884950009573976;0.002280033387679003;0.0032758818580642494;4.489206803988454;4.965731901487566;7.77527589863996;4.919399153016344
